Platform,MinimumBIOSVersion,BIOSFamily,SoftpaqNumber
HP 250R 15.6 inch G9,F.14,INSYDE,sp161765
HP 250RT 15.6 inch G9,TBD,INSYDE,TBD
HP 256R 15.6 inch G9,F.14,INSYDE,sp161765
HP EliteBook 6 G1a 14 inch AI,01.02.01,X77,sp162993
HP EliteBook 6 G1a 14 inch Next Gen AI,01.02.01,X76,sp162992
HP EliteBook 6 G1a 16 inch AI,01.02.01,X77,sp162993
HP EliteBook 6 G1ah 14 inch,01.02.01,X77,sp162993
HP EliteBook 6 G1ah 16 inch,01.02.01,X77,sp162993
HP EliteBook 6 G1i 13 inch AI,01.02.01,X74,sp161471
HP EliteBook 6 G1i 14 inch AI,01.02.01,X74,sp161471
HP EliteBook 6 G1i 16 inch AI,01.02.01,X74,sp161471
HP EliteBook 6 G1iR 14 inch,01.02.02,X75,sp161652
HP EliteBook 6 G1iR 16 inch,01.02.02,X75,sp161652
HP EliteBook 6 G1q 14 inch Next Gen AI,TBD,X68,TBD
HP EliteBook 8 Flip G1i 13 inch AI,01.02.05,X70,sp165495
HP EliteBook 8 G1a 13 inch AI,01.03.03,X81,sp164482
HP EliteBook 8 G1a 13 inch Next Gen AI,01.03.03,X83,sp164484
HP EliteBook 8 G1a 14 inch AI,01.03.03,X82,sp164483
HP EliteBook 8 G1a 14 inch Next Gen AI,01.03.03,X84,sp164485
HP EliteBook 8 G1a 16 inch AI,01.03.03,X82,sp164483
HP EliteBook 8 G1a 16 inch Next Gen AI,01.03.03,X84,sp164485
HP EliteBook 8 G1i 13 inch AI,01.02.05,X70,sp165495
HP EliteBook 8 G1i 14 inch AI,01.02.05,X70,sp165495
HP EliteBook 8 G1i 14 inch Next Gen AI,01.02.04,X91,sp162871
HP EliteBook 8 G1i 16 inch AI,01.02.05,X70,sp165495
HP EliteBook 8 G1i 16 inch Next Gen AI,01.02.04,X91,sp162871
HP EliteBook X Flip G1i 14 AI,01.02.23,X90,sp163124
HP EliteBook X G1a 14 inch Next Gen AI,01.03.11,X88,sp163352
HP EliteBook X G1i 14 AI,01.02.23,X90,sp163124
HP Fortis Flip G1i 11 inch,01.01.40,X95,sp163198
HP ProBook 4 G1a 14 inch AI,01.02.01,X78,sp162994
HP ProBook 4 G1a 16 inch AI,01.02.01,X78,sp162994
HP ProBook 4 G1ah 14 inch,01.02.01,X78,sp162994
HP ProBook 4 G1ah 16 inch,01.02.01,X78,sp162994
HP ProBook 4 G1i 14 inch AI,01.02.01,X72,sp161470
HP ProBook 4 G1i 16 inch AI,01.02.01,X72,sp161470
HP ProBook 4 G1iR 14 inch (H),01.02.02,X93,sp161651
HP ProBook 4 G1iR 14 inch (U),01.02.02,X73,sp161651
HP ProBook 4 G1iR 16 inch (H),01.02.02,X93,sp161651
HP ProBook 4 G1iR 16 inch (U),01.02.02,X73,sp161651
HP ProBook 4 G1q 14 inch Next Gen AI,TBD,X68,TBD
HP ZBook 8 G1ak 14 inch,01.03.03,X84,sp164485
HP ZBook 8 G1as 14 inch,01.03.03,X84,sp164485
HP Elite x360 1040 14 inch G11 2-in-1,01.07.00,W90,sp162963
HP Elite x360 830 13 inch G11 2-in-1,01.07.02,W70,sp164375
HP EliteBook 1040 14 inch G11,01.07.00,W90,sp162963
HP EliteBook 630 13.3 inch G11,01.07.02,W74,sp164396
HP EliteBook 640 14 inch G11,01.07.02,W74,sp164396
HP EliteBook 645 14 inch G11,01.06.01,W77,sp165514
HP EliteBook 660 16 inch G11,01.07.02,W74,sp164396
HP EliteBook 665 16 inch G11,01.06.01,W77,sp165514
HP EliteBook 830 13 inch G11,01.07.02,W70,sp164375
HP EliteBook 835 13 inch G11,01.06.00,W83,sp163243
HP EliteBook 835 13 inch G11 AI,01.06.00,W83,sp163243
HP EliteBook 840 14 inch G11,01.07.02,W70,sp164375
HP EliteBook 845 14 inch G11,01.06.00,W82,sp163242
HP EliteBook 845 14 inch G11 AI,01.06.00,W82,sp163242
HP EliteBook 860 16 inch G11,01.07.02,W70,sp164375
HP EliteBook 865 16 inch G11,01.06.00,W82,sp163242
HP EliteBook 865 16 inch G11 AI,01.06.00,W82,sp163242
HP Pro x360 Fortis 11 inch G11,01.12.00,V95,sp163194
HP Pro x360 Fortis 11 inch G11,01.12.00,W95,sp163194
HP ProBook 440 14 inch G11,01.07.00,W72,sp162996
HP ProBook 440 16 inch G11,01.07.00,W72,sp162996
HP ProBook 445 14 inch G11,01.06.01,W78,sp165526
HP ProBook 465 16 inch G11,01.06.01,W78,sp165526
HP Dragonfly 13.5 inch G4,01.10.00,V90,sp163105
HP Elite x360 1040 14 inch G10,01.10.00,V70,sp163147
HP Elite x360 830 13 inch G10,01.10.00,V70,sp163147
HP EliteBook 1040 14 inch G10,01.10.00,V70,sp163147
HP EliteBook 630 13.3 inch G10,01.10.00,V74,sp163137
HP EliteBook 640 14 inch G10,01.10.00,V75,sp163137
HP EliteBook 645 14 inch G10,01.11.01,V77,sp163143
HP EliteBook 650 15.6 inch G10,01.10.00,V75,sp163137
HP EliteBook 655 15.6 inch G10,01.11.01,V77,sp163143
HP EliteBook 830 13 inch G10,01.10.00,V70,sp163147
HP EliteBook 835 13 inch G10,01.10.03,V83,sp164436
HP EliteBook 840 14 inch G10,01.10.00,V70,sp163147
HP EliteBook 860 16 inch G10,01.10.00,V70,sp163147
HP Pro x360 435 13.3 inch G10,01.11.01,V80,sp165485
HP ProBook 440 14 inch G10,01.10.00,V72,sp163136
HP ProBook 445 14 inch G10,01.11.01,V78,sp163142
HP ProBook 450 15.6 inch G10,01.10.00,V72,sp163136
HP ProBook 455 15.6 inch G10,01.11.01,V78,sp163142
HP Dragonfly Folio 13.5 inch G3,01.16.00,U93,sp163116
HP Elite Dragonfly 13.5 inch G3,01.16.00,U90,sp163108
HP Elite x360 1040 14 inch G9,01.16.01,U70,sp163146
HP Elite x360 830 13 inch G9,01.16.01,U70,sp163146
HP EliteBook 1040 14 inch G9,01.16.01,U70,sp163146
HP EliteBook 630 13 inch G9,01.16.00,U75,sp163140
HP EliteBook 640 14 inch G9,01.16.00,U75,sp163140
HP EliteBook 640 14 inch G9,01.16.00,U86,sp163140
HP EliteBook 645 14 inch G9,01.20.00,U77,sp163061
HP EliteBook 645 14 inch G9,01.20.00,U87,sp163061
HP EliteBook 650 15.6 inch G9,01.16.00,U75,sp163140
HP EliteBook 650 15.6 inch G9,01.16.00,U86,sp163140
HP EliteBook 655 14 inch G9,01.20.00,U77,sp163061
HP EliteBook 655 14 inch G9,01.20.00,U87,sp163061
HP EliteBook 830 13 inch G9,01.16.01,U70,sp163146
HP EliteBook 835 13 inch G9,01.14.00,U82,sp163189
HP EliteBook 840 14 inch G9,01.16.01,U70,sp163146
HP EliteBook 840 14 inch G9,01.16.01,U71,sp163146
HP EliteBook 840 14 inch G9,01.16.01,U76,sp163146
HP EliteBook 845 14 inch G9,01.14.00,U82,sp163189
HP EliteBook 855 16 inch G9,01.14.00,U82,sp163189
HP EliteBook 860 16 inch G9,01.16.01,U70,sp163146
HP EliteBook 860 16 inch G9,01.16.01,U71,sp163146
HP Pro x360 435 G9,01.20.00,U80,sp163195
HP Pro x360 Fortis 11 inch G10,01.15.01,U95,sp162959
HP Pro x360 Fortis 11 inch G9,01.15.00,U94,sp162977
HP Pro x360 Fortis 11 inch G9,01.15.00,U98,sp162977
HP ProBook 440 14 inch G9,01.16.00,U72,sp163135
HP ProBook 445 14 inch G9,01.20.00,U78,sp163060
HP ProBook 445 14 inch G9,01.20.00,U88,sp163060
HP ProBook 450 14 inch G9,01.16.00,U72,sp163135
HP ProBook 455 14 inch G9,01.20.00,U78,sp163060
HP ProBook 455 14 inch G9,01.20.00,U88,sp163060
HP ProBook Fortis 14 inch G10,01.15.01,U95,sp162960
HP ProBook Fortis 14 inch G9,01.15.00,U94,sp162978
HP ProBook Fortis 14 inch G9,01.15.00,U98,sp162978
HP Zhan 66 Pro 14 inch G5,01.16.00,U73,sp163138
HP Zhan 66 Pro 14 inch G5,01.16.00,U84,sp163138
HP Zhan 66 Pro A 14 inch G5,01.20.00,U79,sp163063
HP Elite Dragonfly G2,01.22.00,T90,sp163119
HP Elite Dragonfly Max,01.22.00,T90,sp163119
HP Elite X2 G8,TBD,T91,TBD
HP EliteBook 830 G8,01.22.00,T37,sp163144
HP EliteBook 830 G8,01.22.00,T39,sp163144
HP EliteBook 830 G8,01.22.00,T76,sp163144
HP EliteBook 835 G8,01.22.00,T82,sp164448
HP EliteBook 840 Aero G8,01.22.00,T76,sp163144
HP EliteBook 840 G8,01.22.00,T37,sp163144
HP EliteBook 840 G8,01.22.00,T39,sp163144
HP EliteBook 840 G8,01.22.00,T76,sp163144
HP EliteBook 845 G8,01.22.00,T82,sp164448
HP EliteBook 850 G8,01.22.00,T76,sp163144
HP EliteBook 855 G8,01.22.00,T82,sp164448
HP EliteBook x360 1040 G8,01.22.00,T93,sp163112
HP EliteBook x360 830 G8,01.22.00,T77,sp163145
HP ProBook 430 G8,01.22.00,T70,sp163155
HP ProBook 430 G8,01.22.00,T87,sp163155
HP ProBook 430 G8,01.22.00,T89,sp163155
HP ProBook 440 G8,01.22.00,T70,sp163155
HP ProBook 440 G8,01.22.00,T85,sp163155
HP ProBook 440 G8,01.22.00,T87,sp163155
HP ProBook 440 G8,01.22.00,T88,sp163155
HP ProBook 440 G8,01.22.00,T89,sp163155
HP ProBook 440 G8,01.22.00,T99,sp163155
HP ProBook 445 G8,01.22.00,T78,sp163054
HP ProBook 445 G8,01.22.00,T96,sp163054
HP ProBook 450 G8,01.22.00,T70,sp163155
HP ProBook 450 G8,01.22.00,T85,sp163155
HP ProBook 450 G8,01.22.00,T87,sp163155
HP ProBook 450 G8,01.22.00,T88,sp163155
HP ProBook 450 G8,01.22.00,T89,sp163155
HP ProBook 455 G8,01.22.00,T78,sp163054
HP ProBook 455 G8,01.22.00,T96,sp163054
HP ProBook 630 G8,01.22.00,T72,sp163158
HP ProBook 630 G8,01.22.00,T74,sp163158
HP ProBook 635 Aero G8,01.22.00,T83,sp163239
HP ProBook 640 G8,01.22.00,T72,sp163158
HP ProBook 640 G8,01.22.00,T74,sp163158
HP ProBook 650 G8,01.22.00,T72,sp163158
HP ProBook 650 G8,01.22.00,T74,sp163158
HP ProBook x360 11 inch G7 Education Edition,01.22.00,T94,sp163148
HP ProBook x360 435 G8,01.22.00,T80,sp163241
HP Zhan 66 Pro 14 G4,01.22.00,T71,sp163157
HP Zhan 66 Pro 14 G4,01.22.00,T86,sp163157
HP Zhan 66 Pro A 14 G4,01.22.00,T79,sp163056
HP Zhan 66 Pro A 14 G4,01.22.00,T98,sp163056
HP Elite Folio 13.5 inch 2-in-1,TBD,TBD,TBD
HP EliteBook 830 G7,01.22.00,S70,sp162984
HP EliteBook 835 G7,01.22.00,S77,sp163073
HP EliteBook 840 G7,01.22.00,S70,sp162984
HP EliteBook 845 G7,01.22.00,S77,sp163073
HP EliteBook 850 G7,01.22.00,S73,sp162984
HP EliteBook 855 G7,01.22.00,S77,sp163073
HP EliteBook x360 830 G7,01.22.00,S74,sp162986
HP ProBook 635 Aero G7,01.22.00,S84,sp163068
HP ProBook 640 G7,01.22.00,S83,sp162985
HP ProBook 650 G7,01.22.00,S83,sp162985
HP ProBook x360 11 G5 Education Edition,01.22.00,S95,sp162988
HP ProBook x360 11 G6 Education Edition,01.23.00,S94,sp162987
HP ProBook x360 435 G7,01.22.00,S80,sp163072
HP ZBook Firefly 15 G7,01.22.00,S73,sp162984
HP Elite X2 G4,01.33.00,R91,sp161788
HP EliteBook 735 G6,01.32.00,R74,sp163076
HP EliteBook 745 G6,01.32.00,R74,sp163076
HP EliteBook 830 G6,01.33.00,R70,sp162942
HP EliteBook 840 G6,01.33.00,R70,sp162942
HP EliteBook 840 G6 Healthcare Edition,01.33.00,R70,sp162942
HP EliteBook 846 G6,01.33.00,R70,sp162942
HP EliteBook 846 G6 Healthcare Edition,01.33.00,R70,sp162942
HP EliteBook 850 G6,01.33.00,R70,sp162942
HP EliteBook x360 1030 G7,01.22.00,S93,sp161787
HP EliteBook x360 1040 G6,01.33.00,R90,sp162922
HP EliteBook x360 1040 G7,01.22.00,S93,sp161787
HP ProBook 430 G7,01.26.00,S71,sp161721
HP ProBook 440 G7,01.26.00,S71,sp161721
HP ProBook 445 G7,01.22.00,S79,sp161735
HP ProBook 450 G7,01.26.00,S71,sp161721
HP ProBook 455 G7,01.22.00,S79,sp161735
HP ProBook 640 G5,01.33.00,R72,sp162982
HP ProBook 650 G5,01.33.00,R72,sp162982
HP Zhan 66 Pro A 14 G3,01.22.00,S81,sp161737
HP EliteDesk 8 Mini G1i AI,02.02.03,X21,sp161642
HP EliteDesk 8 SFF G1i AI,02.02.02,X01,sp161615
HP EliteDesk 8 Tower G1i AI,02.02.02,X01,sp161615
HP EliteDesk 8 Tower G1i E AI,02.02.02,X01,sp161615
HP EliteStudio 8 G1i 23.8 inch AI,02.02.03,X11,sp161797
HP EliteStudio 8 G1i 27 inch AI,02.02.03,X11,sp161797
HP ProDesk 4 Mini G1i AI,02.02.02,X23,sp161643
HP ProDesk 4 SFF G1i AI,02.02.02,X03,sp161623
HP ProDesk 4 Tower G1i AI,02.02.02,X03,sp161623
HP ProDesk 4 Tower G1i E AI,02.02.02,X03,sp161623
HP ProStudio 4 G1i 23.8 inch AI,02.02.00,X13,sp161581
HP Elite SFF 805 G9,02.13.00,W06,sp161551
HP Elite Mini 600 G9,02.19.01,U21,sp165489
HP Elite SFF 600 G9,02.19.01,U01,sp164419
HP Elite SFF 800 G9,02.19.01,U01,sp164419
HP Elite Tower 600 G9,02.19.01,U01,sp164419
HP Elite Tower 680 G9,02.19.01,U01,sp164419
HP Elite Tower 800 G9,02.19.01,U01,sp164419
HP Elite Tower 880 G9,02.19.01,U01,sp164419
HP EliteOne 840 23.8 inch G9,02.19.01,U11,sp165486
HP EliteOne 870 27.8 inch G9,02.19.01,U11,sp165486
HP Mini Conferencing with Microsoft Teams Rooms,02.19.01,U21,sp165489
HP Mini Conferencing with Zoom Rooms,02.19.01,U21,sp165489
HP Mini IP Conferencing with Microsoft Teams Rooms,02.19.01,U21,sp165489
HP Presence 24 with Zoom Rooms,02.19.01,U11,sp165486
HP Presence 27 with Zoom Rooms,02.19.01,U11,sp165486
HP Pro Mini 260 G9,02.21.00,U24,sp160410
HP Pro Mini 400 G9,02.19.01,U23,sp165488
HP Pro Tower 400 G9 PCI,02.19.01,U03,sp164420
HP Pro Tower 480 G9 PCI,02.19.01,U03,sp164420
HP ProOne 440 23.8 inch G9,02.19.01,U13,sp164421
HP Z1 G9 Tower,02.19.01,U01,sp164419
HP Zhan 99 Pro 23.8 inch G9,02.19.01,U13,sp164421
HP ZBook 8 G1ah 14 inch,01.03.03,X82,sp164483
HP ZBook 8 G1i 14 inch,01.02.05,X70,sp165495
HP ZBook 8 G1i 16 inch,01.02.05,X70,sp165495
HP ZBook Ultra G1a 14 inch,TBD,X89,TBD
HP ZBook X G1i 16 inch,TBD,X97,TBD
HP ZBook Firefly 14 inch G11,01.07.02,W70,sp164375
HP ZBook Firefly 14 inch G11 A,01.06.00,W82,sp163242
HP ZBook Firefly 16 inch G11,01.07.02,W70,sp164375
HP ZBook Fury 16 G11,01.03.00,W96,sp163255
HP ZBook Fury 16 G11,01.03.00,W98,sp163258
HP ZBook Fury G1i 16 inch,01.01.18,X96,sp164439
HP ZBook Fury G1i 18 inch,01.01.18,X96,sp164439
HP ZBook Power 16 inch G11,01.07.01,W97,sp164401
HP ZBook Power 16 inch G11 A,01.08.01,W85,sp164400
HP ZBook Studio 16 inch G11,01.05.03,W99,sp163365
HP ZBook Firefly 14 inch G10,01.10.00,V70,sp163147
HP ZBook Firefly 16 inch G10,01.10.00,V70,sp163147
HP ZBook Fury 16 G10,01.10.00,V96,sp163107
HP ZBook Power 15.6 inch G10,01.10.00,V97,sp163134
HP ZBook Power 15.6 inch G10 A,01.10.00,V85,sp163055
HP ZBook Studio 16 inch G10,01.10.00,V99,sp163130
HP ZBook Firefly 14 inch G9,01.16.01,U70,sp163146
HP ZBook Firefly 14 inch G9,01.16.01,U71,sp163146
HP ZBook Firefly 16 inch G9,01.16.01,U70,sp163146
HP ZBook Firefly 16 inch G9,01.16.01,U71,sp163146
HP ZBook Fury 16 G9,01.16.00,U96,sp163117
HP ZBook Power 15.6 inch G9,01.16.00,U97,sp163141
HP ZBook Studio 16 inch G9,01.16.00,U99,sp163132
HP ZBook Firefly 14 inch G8,01.22.00,T39,sp163144
HP ZBook Firefly 14 inch G8,01.22.00,T76,sp163144
HP ZBook Firefly 15.6 inch G8,01.22.00,T76,sp163144
HP ZBook Fury 15.6 inch G8,01.22.00,T95,sp163103
HP ZBook Fury 17.3 inch G8,01.22.00,T95,sp163103
HP ZBook Power 15.6 inch G8,01.22.00,T81,sp163110
HP ZBook Studio 15.6 inch G8,01.22.00,T92,sp163104
HP ZBook Firefly 14 G7,01.22.00,S73,sp162984
HP ZBook Power G7,01.22.00,T75,sp161800
HP ZBook 14U G6,01.33.00,R70,sp162942
HP ZBook 15 G6,01.33.00,R92,sp161746
HP ZBook 17 G6,01.33.00,R92,sp161746
HP ZBook Create G7,01.22.00,S91,sp161750
HP ZBook Fury 15 G7,01.22.00,S92,sp161751
HP ZBook Studio G7,01.22.00,S91,sp161750
HP Z1 Tower G1i,02.02.02,X01,sp161615
HP Z2 Mini G1a,01.02.03,X53,sp161843
HP Z2 Mini G1i,01.07.01,X52,sp163040
HP Z2 SFF G1i,01.07.01,X50,sp163038
HP Z2 Tower G1i,01.07.02,X51,sp163035
HP Z2 Mini G9,03.05.01,U50,sp163086
HP Z2 SFF G9,03.05.01,U50,sp163086
HP Z2 Tower G9,03.05.01,U50,sp163086
HP Z4 G5,01.02.30,U61,sp164476
HP Z4 Rack G5,01.02.27,U62,TBD
HP Z6 G5 A,01.02.05,U65,sp164423
HP Z6 G6,01.02.30,U61,sp164476
HP Z8 Fury G5,01.02.30,U61,sp164476
HP Z8 G5,01.02.29,U60,sp164478
HP Z2 G8 SFF,01.06.12,T50,sp163351
HP Z2 G8 Tower,01.06.12,T50,sp163351
HP Z Central 4R,TBD,P63,TBD
HP Z2 Mini G5,01.04.20,S50,sp163340
HP Z2 SFF G5,01.04.20,S50,sp163340
HP Z2 SFF G5,01.04.20,S50,sp163340
HP Z2 Tower G5,01.04.20,S50,sp163340
HP Z4 G4 (Core-X),TBD,P62,TBD
HP Z4 G4 (Xeon),TBD,P61,TBD
HP Z6 G4,TBD,P60,TBD
HP Z8 G4,TBD,P60,TBD
HP Z2 Mini G4,01.08.13,Q50,sp163316
HP Z2 SFF G4,01.08.13,Q50,sp163316
HP Z2 Tower G4,01.08.13,Q50,sp163316
HP Engage Flex Mini G2 Retail System,02.02.03,X21,sp161642
HP Engage One Pro 15.6 G2 System,02.03.01,W30,sp164417
HP Engage One Pro 19.5 G2 System,02.03.01,W30,sp164417
HP Engage One Pro 23.8 G2 System,02.03.01,W30,sp164417
HP Engage Flex Pro G2 Retail System,02.09.10,V30,sp165611
HP Engage Flex Pro-C G2 Retail System,02.09.10,V30,sp165611
HP Engage Go 10 Mobile System,01.22.00,T97,sp163149
HP Engage Go 13.5 inch Mobile System,01.22.00,T97,sp163149
HP Engage Go Mobile System,01.33.00,Q97,sp163126
HP Elite mt645 G8 Mobile Thin Client,01.06.00,W71,sp163128
HP Elite t660 Thin Client,01.06.00,W44,sp161770
HP Elite t755 Thin Client,01.07.00,M46,sp161481
HP Elite mt645 G7 Mobile Thin Client,01.20.00,U81,sp163064
HP Elite mt645 G7 Mobile Thin Client,01.20.00,U89,sp163064
HP Elite t655 Thin Client,01.13.00,M45,sp161819
HP Pro mt440 G3 Mobile Thin Client,01.16.00,U74,sp163139
HP Pro mt440 G3 Mobile Thin Client,01.16.00,U91,sp163139
HP Pro t550 Thin Client,01.11.00,N45,sp163091
HP tz655 Trusted Zero Client,01.13.00,M45,sp161819
HP mt32 Mobile Thin Client,01.22.00,S85,sp163114
HP mt46 Mobile Thin Client,01.22.00,S78,sp163111
HP mt22 Mobile Thin Clinet,01.26.00,S82,sp161742
HP mt45 Mobile Thin Client,01.32.00,R81,sp163115
HP mt31 Mobile Thin Client,01.33.00,Q92,sp161720
