Platform,MinimumBIOSVersion
Alienware 16 Area-51 AA16250,1.7.0
Alienware 16 Aurora AC16250,1.6.3
Alienware 16X Aurora AC16251,1.5.4
Alienware 18 Area-51 AA18250,1.7.0
Alienware Area-51 AAT2250,1.9.1
Alienware Aurora ACT1250,1.8.1
Alienware Aurora R13,1.29.0
Alienware Aurora R15,1.25.1
Alienware Aurora R15 AMD,1.21.0
Alienware Aurora R16,2.21.1
Alienware Aurora Ryzen Edition R14,2.27.1
Alienware m15 R6,1.40.0
Alienware m15 R7,1.35.0
Alienware m15 R7 AMD,1.24.0
Alienware m15 Ryzen Edition R5,1.29.1
Alienware m16 R1,1.29.1
Alienware m16 R1 AMD,1.20.0
Alienware m16 R2,1.15.0
Alienware m17 R5 AMD,1.24.0
Alienware m18,1.20.0
Alienware m18 R1,1.29.1
Alienware M18 R2,1.17.1
Alienware x14,1.29.0
Alienware x14 R2,1.26.1
Alienware x15 R1,1.31.1
Alienware x15 R2,1.30.0
Alienware x16 R1,1.26.1
Alienware X16 R2,1.15.0
Alienware x17 R1,1.31.1
Alienware x17 R2,1.30.0
ChengMing 3900,1.34.1
ChengMing 3910/3911,1.29.1
Dell 14 DC14250,1.1.1
Dell 14 DC14255,1.4.1
Dell 14 Plus 2-in-1 DB04250,1.6.0
Dell 14 Plus 2-in-1 DB04255,1.4.1
Dell 14 Plus DB14250,1.6.0
Dell 14 Plus DB14255,1.4.1
Dell 14 Premium DA14250,1.3.2
Dell 14 DC14250,1.1.1
Dell 15 DC15250,1.2.1
Dell 15 DC15255,1.3.1
Dell 16 DC16250,1.3.0
Dell 16 DC16251,1.3.0
Dell 16 DC16255,1.0.1
Dell 16 DC16256,1.0.1
Dell 16 Plus 2-in-1 DB06250,1.6.0
Dell 16 Plus DB16250,1.6.0
Dell 16 Plus DB16255,1.4.1
Dell 16 Premium DA16250,1.5.0
Dell 24 All-in-One EC24250,1.7.1
DELL 27 All-in-One EC27250,1.7.1
Dell Laptop DC14255,1.4.1
Dell Slim ECS1250,1.6.2
Dell Tower ECT1250,1.6.2
Dell Tower Plus EBT2250,1.8.1
Dell G15 5510,1.36.0
Dell G15 5511,1.39.0
Dell G15 5515,1.28.1
Dell G15 5520,1.35.0
Dell G15 5525,1.24.0
Dell G15 5535,1.16.0
Dell G16 7620,1.35.0
Dell Pro 13 Plus PB13250,2.6.1
Dell Pro 13 Plus PB13255,1.7.0
Dell Pro 13 Premium PA13250,2.6.1
Dell Pro 14 Essential PV14250,1.1.1
Dell Pro 14 Essential PV14255,1.5.0
Dell Pro 14 PC14250,1.7.0
Dell Pro 14 PC14255,1.7.0
Dell Pro 14 Plus PB14250,2.6.1
Dell Pro 14 Plus PB14255,1.7.0
Dell Pro 14 Premium PA14250,2.6.1
Dell Pro 15 Essential PV15250,1.0.0
Dell Pro 15 Essential PV15255,1.2.1
Dell Pro 16 PC16250,1.7.0
Dell Pro 16 PC16255,1.7.0
Dell Pro 16 Plus PB16250,2.6.1
Dell Pro 16 Plus PB16255,1.7.0
Dell Pro 24 All-in-One Plus QB24250,1.8.1
Dell Pro 24 All-in-One QC24250,1.8.1
Dell Pro 24 All-in-One QC24251,1.8.1
Dell Pro Laptop PC14250,1.7.0
Dell Pro Laptop PC16250,1.7.0
Dell Pro Max 14 MC14250,1.7.0
Dell Pro Max 14 MC14255,1.2.1
Dell Pro Max 14 Premium MA14250,1.4.2
Dell Pro Max 16 MC16250,1.7.0
Dell Pro Max 16 MC16255,1.2.1
Dell Pro Max 16 Plus MB16250,1.3.3
Dell Pro Max 16 Premium MA16250,1.4.2
Dell Pro Max 18 Plus MB18250,1.3.3
Dell Pro Max Micro FCM2250,1.7.1
Dell Pro Max Slim FCS1250,1.7.1
Dell Pro Max Tower T2 FCT2250,1.7.1
Dell Pro Max with GB10 FCM1253,1.1.0
Dell Pro Micro QCM1255,1.4.2
Dell Pro Micro QCM1250,1.7.0
Dell Pro Micro Plus QBM1250,1.7.0
Dell Pro Rugged 10 Tablet,1.1.0
Dell Pro Rugged 12 Tablet,1.1.0
Dell Pro Rugged 13 RA13250,1.9.0
Dell Pro Rugged 14 RB14250,1.9.0
Dell Pro Slim QCS1255,1.4.2
Dell Pro Slim Essential QVS1260,1.8.1
Dell Pro Slim Plus QBS1250,1.7.0
Dell Pro Slim QCS1250,1.7.0
Dell Pro Tower Essential QVT1260,1.8.1
Dell Pro Tower QCT1255,1.4.2
Dell Pro Tower Plus QBT1250,1.7.0
Dell Pro Tower QCT1250,1.7.0
Inspiron 13 5320,1.28.0
Inspiron 13 5330,1.25.1
Inspiron 14 3420,1.0.14
Inspiron 14 5410 2-in-1,2.36.0
Inspiron 14 5420,1.31.0
Inspiron 14 5425,1.24.0
Inspiron 14 5430,1.24.1
Inspiron 14 5435,1.18.0
Inspiron 14 5440,1.15.1
Inspiron 14 5441,2.11.0
Inspiron 14 5445,1.13.1
Inspiron 14 7420 2-in-1,1.30.1
Inspiron 14 7425 2-in-1,1.24.0
Inspiron 14 7430 2-in-1,1.24.1
Inspiron 14 7435 2-in-1,1.18.0
Inspiron 14 7440 2-in-1,1.15.1
Inspiron 14 7441,2.11.0
Inspiron 14 7445 2-in-1,1.13.1
Inspiron 14 Plus 7420,1.32.0
Inspiron 14 Plus 7430,1.24.1
Inspiron 14 Plus 7440,1.17.1
Inspiron 15 3510,1.28.0
Inspiron 15 3511,1.40.0
Inspiron 15 3520,1.35.0
Inspiron 15 3521,1.23.0
Inspiron 15 3525,1.31.1
Inspiron 15 3530,1.23.2
Inspiron 15 3535,1.24.1
Inspiron 15 5510/5518,2.37.0
Inspiron 16 5620,1.31.0
Inspiron 16 5625,1.24.0
Inspiron 16 5630,1.24.1
Inspiron 16 5635,1.18.0
Inspiron 16 5640,1.15.1
Inspiron 16 5645,1.14.2
Inspiron 16 7620 2-in-1,1.30.1
Inspiron 16 7630 2-in-1,1.24.1
Inspiron 16 7635 2-in-1,1.18.0
Inspiron 16 7640 2-in-1,1.16.0
Inspiron 16 Plus 7620,1.32.0
Inspiron 16 Plus 7630,1.24.1
Inspiron 16 Plus 7640,1.17.1
Inspiron 24 5415 All-in-One,1.29.0
Inspiron 24 5420 All-in-One,1.22.1
Inspiron 24 5430 All-in-One,1.15.1
Inspiron 27 7720 All-in-One,1.22.1
Inspiron 27 7730 All-in-One,1.15.1
Inspiron 3020 Desktop,1.29.1
Inspiron 3020 Small Desktop,1.29.1
Inspiron 3030,1.19.1
Inspiron 3030S,1.19.1
Inspiron 3501,1.41.0
Inspiron 3502,1.25.0
Inspiron 3501,1.41.0
Inspiron 3910,1.34.1
Inspiron 5400/5401,1.39.0
Inspiron 5401 All-in-One,1.39.0
Inspiron 5410 All-in-One,1.32.1
Inspiron 5415,1.30.0
Inspiron 5515,1.30.0
Inspiron 7415 2-in-1,1.31.0
Inspiron 7700 All-In-One,1.39.0
Inspiron 7710 All-in-One,1.32.1
Dell Edge Gateway 5000,1.34.0
Edge Gateway 3000 series,1.24.0
Embedded Box PC 3000,1.30.0
Embedded Box PC 5000,1.31.0
Latitude 12 Rugged Extreme 7214,1.52.0
Latitude 3120,1.37.0
Latitude 3140,1.25.5
Latitude 3140 2-in-1,1.25.5
Latitude 3190,1.42.0
Latitude 3190 2-in-1,1.42.0
Latitude 3301,1.37.0
Latitude 3310,1.31.0
Latitude 3310 2-In-1,1.30.0
Latitude 3320,1.40.0
Latitude 3330,1.32.1
Latitude 3340,1.25.1
Latitude 3400,1.39.0
Latitude 3410,1.36.0
Latitude 3420,1.44.0
Latitude 3430,1.30.1
Latitude 3440,1.25.1
Latitude 3450,1.16.1
Latitude 3500,1.39.0
Latitude 3510,1.36.0
Latitude 3520,1.44.0
Latitude 3530,1.30.1
Latitude 3540,1.25.1
Latitude 3550,1.16.1
Latitude 5300,1.37.0
Latitude 5300 2-in-1,1.37.0
Latitude 5310,1.30.0
Latitude 5310 2-in-1,1.30.0
Latitude 5320,1.46.0
Latitude 5330,1.32.1
Latitude 5340,1.24.1
Latitude 5350,1.16.1
Latitude 5400,1.41.1
Latitude 5401,1.42.1
Latitude 5410,1.38.1
Latitude 5411,1.39.1
Latitude 5420,1.49.0
Latitude 5420 Rugged,1.40.0
Latitude 5421,1.41.0
Latitude 5424 Rugged,1.40.0
Latitude 5430,1.32.1
Latitude 5430 Rugged Laptop,1.39.0
Latitude 5431,1.33.1
Latitude 5440,1.25.1
Latitude 5450,1.16.2
Latitude 5455,2.11.0
Latitude 5500,1.41.1
Latitude 5501,1.42.1
Latitude 5510,1.38.1
Latitude 5511,1.39.1
Latitude 5520,1.46.0
Latitude 5521,1.39.0
Latitude 5530,1.32.1
Latitude 5531,1.32.1
Latitude 5540,1.24.1
Latitude 5550,1.16.2
Latitude 7030 Rugged Extreme,1.17.3
Latitude 7200 2-In-1,1.38.0
Latitude 7210 2-in-1,1.40.0
Latitude 7212 Rugged Extreme Tablet,1.58.0
Latitude 7220 Rugged Extreme,1.48.0
Latitude 7230 Rugged Extreme,1.26.4
Latitude 7300,1.42.1
Latitude 7310,1.41.1
Latitude 7320,1.46.0
Latitude 7320 Detachable,1.43.0
Latitude 7330,1.34.1
Latitude 7330 Rugged Laptop,1.39.0
Latitude 7340,1.25.1
Latitude 7350,1.16.1
Latitude 7350 Detachable,1.14.1
Latitude 7400,1.42.1
Latitude 7400 2-In-1,1.37.0
Latitude 7410,1.41.1
Latitude 7420,1.46.0
Latitude 7424 Rugged Extreme,1.40.0
Latitude 7430,1.34.1
Latitude 7440,1.25.1
Latitude 7450,1.16.0
Latitude 7455,2.11.0
Latitude 7520,1.46.0
Latitude 7530,1.34.1
Latitude 7640,1.25.1
Latitude 7650,1.16.0
Latitude 9330,1.31.0
Latitude 9410,1.39.1
Latitude 9420,1.42.0
Latitude 9430,1.34.1
Latitude 9440 2-in-1,1.23.1
Latitude 9450,1.15.0
Latitude 9510 2-in-1,1.38.0
Latitude 9520,1.43.0
Latitude Rugged 7220EX,1.48.0
OptiPlex 3000 Micro / OptiPlex 3000 Small Form Factor / OptiPlex 3000 Tower,1.34.1
OptiPlex 3000 Thin Client,1.29.2
OptiPlex 3070,1.35.0
OptiPlex 3080,2.33.0
OptiPlex 3090,2.27.0
OptiPlex 3090 Ultra,1.38.0
OptiPlex 3280 All-in-One,1.41.0
OptiPlex 5000 Micro / OptiPlex 5000 Small Form Factor / OptiPlex 5000 Tower,1.33.0
OptiPlex 5070,1.35.0
OptiPlex 5080,1.33.0
OptiPlex 5090 Micro / OptiPlex 5090 Small Form Factor / OptiPlex 5090 Tower,1.37.0
OptiPlex 5270 All-in-One,1.40.0
OptiPlex 5400 All-In-One,1.1.53
OptiPlex 5480 All-in-One,1.42.0
OptiPlex 5490 All-In-One,1.43.0
OptiPlex 7000 Micro,1.33.2
OptiPlex 7000 Small Form Factor,1.33.2
OptiPlex 7000 Tower,1.33.2
OptiPlex 7000 XE Micro,1.33.2
OptiPlex 7070,1.35.0
OptiPlex 7070 Ultra,1.33.0
OptiPlex 7071,1.35.0
OptiPlex 7080,1.36.0
OptiPlex 7090 Tower,1.37.0
OptiPlex 7090 Ultra,1.38.0
OptiPlex 7400 All-In-One,1.1.53
OptiPlex 7470 All-in-One,1.40.0
OptiPlex 7480 All-in-One,1.42.0
OptiPlex 7490 All-In-One,1.43.0
OptiPlex 7770 All-in-One,1.40.0
OptiPlex 7780 All-in-One,1.42.0
OptiPlex AIO 7420,1.20.0
OptiPlex All-in-One 7410,1.30.0
OptiPlex Micro 7010 / OptiPlex Micro Plus 7010,1.30.0
OptiPlex Micro 7020,1.20.0
OptiPlex SFF 7020,1.20.0
OptiPlex Small Form Factor 7010 / OptiPlex Small Form Factor Plus 7010,1.30.0
OptiPlex Tower 7010 / OptiPlex Tower Plus 7010,1.30.0
OptiPlex Tower 7020,1.20.0
OptiPlex XE3,1.38.0
Precision 3240 Compact,1.38.0
Precision 3260 XE Compact,3.18.3
Precision 3260 Compact,3.18.3
Precision 3430 Tower,1.37.0
Precision 3431 Tower,1.36.0
Precision 3440,1.36.0
Precision 3450,1.37.0
Precision 3460 XE Small Form Factor,3.18.3
Precision 3460 Small Form Factor,3.18.3
Precision 3470,1.33.1
Precision 3480,1.25.1
Precision 3490,1.16.2
Precision 3540,1.41.1
Precision 3541,1.42.1
Precision 3550,1.38.1
Precision 3551,1.39.1
Precision 3560,1.46.0
Precision 3561,1.39.0
Precision 3570,1.32.1
Precision 3571,1.32.1
Precision 3580,1.24.1
Precision 3581,1.24.1
Precision 3590,1.16.2
Precision 3591,1.16.2
Precision 3630 Tower,2.37.0
Precision 3640,1.41.0
Precision 3650 Tower,1.44.0
Precision 3660,2.30.1
Precision 3680 Tower,1.18.2
Precision 3930 Rack,2.40.0
Precision 5470,1.34.0
Precision 5480,1.22.1
Precision 5490,1.14.2
Precision 5540,1.39.0
Precision 5550,1.39.0
Precision 5560,1.41.0
Precision 5570,1.35.0
Precision 5680,1.23.1
Precision 5690,1.15.1
Precision 5750,1.37.0
Precision 5760,1.37.0
Precision 5770,1.35.0
Precision 5820 Tower,2.46.0
Precision 5860 Tower,3.1.1
Precision 7540,1.43.1
Precision 7550,1.41.1
Precision 7560,1.42.0
Precision 7670,1.32.0
Precision 7680,1.23.6
Precision 7740,1.43.1
Precision 7750,1.41.1
Precision 7760,1.42.0
Precision 7770,1.32.0
Precision 7780,1.23.6
Precision 7820 Tower,2.50.0
Precision 7865 Tower,1.21.1
Precision 7875 Tower,2.2.1
Precision 7920 Tower,2.50.0
Precision 7960 Tower,2.13.1
Vostro 3020 Small Desktop,1.29.1
Vostro 3020 Tower Desktop,1.29.1
Vostro 3030,1.19.1
Vostro 3030S,1.19.1
Vostro 3690,1.37.0
Vostro 3710,1.34.1
Vostro 3890,1.37.0
Vostro 3910,1.34.1
Vostro 14 3420,1.35.0
Vostro 14 3425,1.31.1
Vostro 14 3430,1.23.2
Vostro 14 3435,1.24.1
Vostro 14 3440,1.15.1
Vostro 14 5410,2.37.0
Vostro 15 3510,1.40.0
Vostro 15 3515,1.36.1
Vostro 15 3520,1.35.0
Vostro 15 3525,1.31.1
Vostro 15 3530,1.23.2
Vostro 15 3535,1.24.1
Vostro 15 5510,2.37.0
Vostro 16 5630,1.24.1
Vostro 16 5635,1.18.0
Vostro 16 5640,1.15.1
Vostro 3020 Small Desktop,1.29.1
Vostro 3020 Tower Desktop,1.29.1
Vostro 3030,1.19.1
Vostro 3030S,1.19.1
Vostro 3400,1.41.0
Vostro 3401,1.41.0
Vostro 3405,1.35.1
Vostro 3500,1.41.0
Vostro 3501,1.41.0
Vostro 3690,1.37.0
Vostro 3710,1.34.1
Vostro 3890,1.37.0
Vostro 3910,1.34.1
Vostro 5320,1.28.0
Vostro 5415,1.30.0
Vostro 5515,1.30.0
Vostro 5620,1.31.0
Vostro 5625,1.24.0
Vostro 7620,1.32.0
Wyse 5070,1.38.0
Wyse 5470,1.32.0
Wyse 5470 All-In-One,1.33.0
XPS 13 9305,1.33.0
XPS 13 9310,3.34.0
XPS 13 9315,1.32.0
XPS 13 9340,1.19.0
XPS 13 9345,2.0.9
XPS 13 9350 (shipped 2024 or later),1.14.0
XPS 13 Plus 9320,2.24.1
XPS 14 9440,1.17.0
XPS 15 9500,1.39.0
XPS 15 9510,1.41.0
XPS 15 9520,1.35.0
XPS 15 9530,1.25.1
XPS 16 9640,1.17.0
XPS 17 9710,1.37.0
XPS 17 9720,1.35.0
XPS 17 9730,1.22.1
XPS 8950,1.29.0
XPS 8960,2.20.1
XPS 9315 2-in-1,1.25.0
XPS 9320,2.24.1
